timestamp,level,message
2024-03-07 09:00:00,ERROR,Error log entry number 1
2024-03-07 09:01:00,ERROR,Error log entry number 2
2024-03-07 09:02:00,ERROR,Error log entry number 3
2024-03-07 09:03:00,ERROR,Error log entry number 4
2024-03-07 09:04:00,ERROR,Error log entry number 5
2024-03-07 09:05:00,ERROR,Error log entry number 6
2024-03-07 09:06:00,ERROR,Error log entry number 7
2024-03-07 09:07:00,ERROR,Error log entry number 8
2024-03-07 09:08:00,ERROR,Error log entry number 9
2024-03-07 09:09:00,ERROR,Error log entry number 10
2024-03-07 09:10:00,ERROR,Error log entry number 11
2024-03-07 09:11:00,ERROR,Error log entry number 12
2024-03-07 09:12:00,ERROR,Error log entry number 13
2024-03-07 09:13:00,ERROR,Error log entry number 14
2024-03-07 09:14:00,ERROR,Error log entry number 15
2024-03-07 09:15:00,ERROR,Error log entry number 16
2024-03-07 09:16:00,ERROR,Error log entry number 17
2024-03-07 09:17:00,ERROR,Error log entry number 18
2024-03-07 09:18:00,ERROR,Error log entry number 19
2024-03-07 09:19:00,ERROR,Error log entry number 20
2024-03-07 09:20:00,ERROR,Error log entry number 21
2024-03-07 09:21:00,ERROR,Error log entry number 22
2024-03-07 09:22:00,ERROR,Error log entry number 23
2024-03-07 09:23:00,ERROR,Error log entry number 24
2024-03-07 09:24:00,ERROR,Error log entry number 25
2024-03-07 09:25:00,ERROR,Error log entry number 26
2024-03-07 09:26:00,ERROR,Error log entry number 27
2024-03-07 09:27:00,ERROR,Error log entry number 28
2024-03-07 09:28:00,ERROR,Error log entry number 29
2024-03-07 09:29:00,ERROR,Error log entry number 30
2024-03-07 09:30:00,ERROR,Error log entry number 31
2024-03-07 09:31:00,ERROR,Error log entry number 32
2024-03-07 09:32:00,ERROR,Error log entry number 33
2024-03-07 09:33:00,ERROR,Error log entry number 34
2024-03-07 09:34:00,ERROR,Error log entry number 35
2024-03-07 09:35:00,ERROR,Error log entry number 36
2024-03-07 09:36:00,ERROR,Error log entry number 37
2024-03-07 09:37:00,ERROR,Error log entry number 38
2024-03-07 09:38:00,ERROR,Error log entry number 39
2024-03-07 09:39:00,ERROR,Error log entry number 40
2024-03-07 09:40:00,ERROR,Error log entry number 41
2024-03-07 09:41:00,ERROR,Error log entry number 42
2024-03-07 09:42:00,ERROR,Error log entry number 43
2024-03-07 09:43:00,ERROR,Error log entry number 44
2024-03-07 09:44:00,ERROR,Error log entry number 45
2024-03-07 09:45:00,ERROR,Error log entry number 46
2024-03-07 09:46:00,ERROR,Error log entry number 47
2024-03-07 09:47:00,ERROR,Error log entry number 48
2024-03-07 09:48:00,ERROR,Error log entry number 49
2024-03-07 09:49:00,ERROR,Error log entry number 50
2024-03-07 09:50:00,ERROR,Error log entry number 51
2024-03-07 09:51:00,ERROR,Error log entry number 52
2024-03-07 09:52:00,ERROR,Error log entry number 53
2024-03-07 09:53:00,ERROR,Error log entry number 54
2024-03-07 09:54:00,ERROR,Error log entry number 55
2024-03-07 09:55:00,ERROR,Error log entry number 56
2024-03-07 09:56:00,ERROR,Error log entry number 57
2024-03-07 09:57:00,ERROR,Error log entry number 58
2024-03-07 09:58:00,ERROR,Error log entry number 59
2024-03-07 09:59:00,ERROR,Error log entry number 60
2024-03-07 10:00:00,ERROR,Error log entry number 61
2024-03-07 10:01:00,ERROR,Error log entry number 62
2024-03-07 10:02:00,ERROR,Error log entry number 63
2024-03-07 10:03:00,ERROR,Error log entry number 64
2024-03-07 10:04:00,ERROR,Error log entry number 65
2024-03-07 10:05:00,ERROR,Error log entry number 66
2024-03-07 10:06:00,ERROR,Error log entry number 67
2024-03-07 10:07:00,ERROR,Error log entry number 68
2024-03-07 10:08:00,ERROR,Error log entry number 69
2024-03-07 10:09:00,ERROR,Error log entry number 70
2024-03-07 10:10:00,ERROR,Error log entry number 71
2024-03-07 10:11:00,ERROR,Error log entry number 72
2024-03-07 10:12:00,ERROR,Error log entry number 73
2024-03-07 10:13:00,ERROR,Error log entry number 74
2024-03-07 10:14:00,ERROR,Error log entry number 75
2024-03-07 10:15:00,ERROR,Error log entry number 76
2024-03-07 10:16:00,ERROR,Error log entry number 77
2024-03-07 10:17:00,ERROR,Error log entry number 78
2024-03-07 10:18:00,ERROR,Error log entry number 79
2024-03-07 10:19:00,ERROR,Error log entry number 80
2024-03-07 10:20:00,ERROR,Error log entry number 81
2024-03-07 10:21:00,ERROR,Error log entry number 82
2024-03-07 10:22:00,ERROR,Error log entry number 83
2024-03-07 10:23:00,ERROR,Error log entry number 84
2024-03-07 10:24:00,ERROR,Error log entry number 85
2024-03-07 10:25:00,ERROR,Error log entry number 86
2024-03-07 10:26:00,ERROR,Error log entry number 87
2024-03-07 10:27:00,ERROR,Error log entry number 88
2024-03-07 10:28:00,ERROR,Error log entry number 89
2024-03-07 10:29:00,ERROR,Error log entry number 90
2024-03-07 10:30:00,ERROR,Error log entry number 91
2024-03-07 10:31:00,ERROR,Error log entry number 92
2024-03-07 10:32:00,ERROR,Error log entry number 93
2024-03-07 10:33:00,ERROR,Error log entry number 94
2024-03-07 10:34:00,ERROR,Error log entry number 95
2024-03-07 10:35:00,ERROR,Error log entry number 96
2024-03-07 10:36:00,ERROR,Error log entry number 97
2024-03-07 10:37:00,ERROR,Error log entry number 98
2024-03-07 10:38:00,ERROR,Error log entry number 99
2024-03-07 10:39:00,ERROR,Error log entry number 100
2024-03-07 10:40:00,ERROR,Error log entry number 101
2024-03-07 10:41:00,ERROR,Error log entry number 102
2024-03-07 10:42:00,ERROR,Error log entry number 103
2024-03-07 10:43:00,ERROR,Error log entry number 104
2024-03-07 10:44:00,ERROR,Error log entry number 105
2024-03-07 10:45:00,ERROR,Error log entry number 106
2024-03-07 10:46:00,ERROR,Error log entry number 107
2024-03-07 10:47:00,ERROR,Error log entry number 108
2024-03-07 10:48:00,ERROR,Error log entry number 109
2024-03-07 10:49:00,ERROR,Error log entry number 110
2024-03-07 10:50:00,ERROR,Error log entry number 111
2024-03-07 10:51:00,ERROR,Error log entry number 112
2024-03-07 10:52:00,ERROR,Error log entry number 113
2024-03-07 10:53:00,ERROR,Error log entry number 114
2024-03-07 10:54:00,ERROR,Error log entry number 115
2024-03-07 10:55:00,ERROR,Error log entry number 116
2024-03-07 10:56:00,ERROR,Error log entry number 117
2024-03-07 10:57:00,ERROR,Error log entry number 118
2024-03-07 10:58:00,ERROR,Error log entry number 119
2024-03-07 10:59:00,ERROR,Error log entry number 120
